{
  "model_id": "deepseek-ai/deepseek-coder-1.3b-instruct",
  "condition": "answer_only_no_expl",
  "num_examples": 5,
  "metrics": {
    "mean_edit_distance": 338.0,
    "mean_edit_distance_normalized": 0.5821898425067136,
    "mean_levenshtein_ratio": 0.5550676529057197,
    "mean_rouge_l_precision": 0.8541087083576855,
    "mean_rouge_l_recall": 0.3887086345673229,
    "mean_rouge_l_fmeasure": 0.49582089197338225,
    "mean_codebleu": 0.2032955459655854
  }
}